{
  "prior": 0.2285655851121784,
  "point_ranges": {
    "1": [[-1.1442002737222872, -1.099215519795885]],
    "2": [[-1.1932221209497764, -1.1442002737222872]],
    "3": [[-1.242820695791707, -1.1932221209497764]],
    "4": [[-1.2987632743924888, -1.242820695791707]],
    "5": [[-1.3679705881254152, -1.2987632743924888]],
    "6": [[-1.512152491735678, -1.3679705881254152]],
    "7": [[-Infinity, -1.512152491735678]],
    "8": [],
    "-1": [[-0.8316139066952375, -0.7768247833233377]],
    "-2": [[-0.7768247833233377, -0.7185752942647916]],
    "-3": [[-0.7185752942647916, -0.6562887119051579]],
    "-4": [[-0.6562887119051579, -0.59169521908776]],
    "-5": [[-0.59169521908776, -0.5242180881981571]],
    "-6": [[-0.5242180881981571, Infinity]],
    "-7": [],
    "-8": []
  },
  "dataset": "BRCA1_Findlay_2018",
  "relax": true,
  "n_c": "3c",
  "benign_method": "avg",
  "clinvar_2018": false,
  "scoreset_flipped": false,
  "uncalibratable_reason": null
}
